epoch,lr-AdamW,step,train_acc,train_loss,val_acc,val_loss
,0.001,0,,,,
0,,49,0.7166666984558105,112.4557876586914,,
0,,99,0.7471728920936584,6.2801103591918945,,
0,,149,0.8206474184989929,0.7237377762794495,,
0,,199,0.8408333659172058,3.4291017055511475,,
0,,249,0.3561866283416748,0.8443518280982971,,
0,,299,0.35989826917648315,0.6233289241790771,,
0,,349,0.3793245255947113,0.6958547830581665,,
0,,399,0.6827433705329895,0.803973376750946,,
0,,449,0.6652560234069824,0.6457609534263611,,
0,,499,0.5955759286880493,0.617546796798706,,
0,,549,0.5871474742889404,0.6322201490402222,,
0,,599,0.7430145144462585,0.6995604038238525,,
0,,649,0.7386273145675659,0.60475754737854,,
0,,699,0.5897335410118103,0.6523810029029846,,
0,,749,0.7618290185928345,0.543429970741272,,
0,,753,,,0.7554317712783813,0.5231227874755859
,0.001,754,,,,
1,,799,0.68752521276474,0.5486099720001221,,
1,,849,0.7581027746200562,0.508973240852356,,
1,,899,0.7289996147155762,0.48538315296173096,,
1,,949,0.8670370578765869,0.6830908060073853,,
1,,999,0.8896741271018982,0.5421670079231262,,
1,,1049,0.6568670272827148,0.46278834342956543,,
1,,1099,0.9007854461669922,0.46203839778900146,,
1,,1149,0.9148038625717163,0.6614837050437927,,
1,,1199,0.9161462783813477,0.6495391726493835,,
1,,1249,0.765773594379425,0.5469469428062439,,
1,,1299,0.7725738286972046,0.5167248845100403,,
1,,1349,0.8867846727371216,0.5424709320068359,,
1,,1399,0.8242100477218628,0.4577663540840149,,
1,,1449,0.8423773050308228,0.5026382803916931,,
1,,1499,0.6968131065368652,0.44327107071876526,,
1,,1507,,,0.8222418427467346,0.4234607219696045
,0.001,1508,,,,
2,,1549,0.8622204065322876,0.4322894215583801,,
2,,1599,0.8479532599449158,0.4924473464488983,,
2,,1649,0.9141104221343994,0.6716693043708801,,
2,,1699,0.9353741407394409,0.5016799569129944,,
2,,1749,0.8963265419006348,0.6678743362426758,,
2,,1799,0.9269425868988037,0.6366274952888489,,
2,,1849,0.9175215363502502,0.593293309211731,,
2,,1899,0.9127377867698669,0.5780091285705566,,
2,,1949,0.9223181009292603,0.5788300633430481,,
2,,1999,0.36601898074150085,0.5831535458564758,,
2,,2049,0.3774946928024292,0.5885813236236572,,
2,,2099,0.3421156108379364,0.6027175784111023,,
2,,2149,0.35377541184425354,0.5978299379348755,,
2,,2199,0.3441033959388733,0.5750320553779602,,
2,,2249,0.3666802942752838,0.5858060717582703,,
2,,2261,,,0.3649994432926178,0.5784334540367126
,0.001,2262,,,,
3,,2299,0.35722726583480835,0.5689356327056885,,
3,,2349,0.3854992091655731,0.6019573211669922,,
3,,2399,0.3576158881187439,0.573093831539154,,
3,,2449,0.39428165555000305,0.5183309316635132,,
3,,2499,0.3302268981933594,0.6520307064056396,,
3,,2549,0.32121971249580383,0.5945403575897217,,
3,,2599,0.38421475887298584,0.5620246529579163,,
3,,2649,0.4117647111415863,0.5710192918777466,,
3,,2699,0.36427319049835205,0.5806573629379272,,
3,,2749,0.36402568221092224,0.5748716592788696,,
3,,2799,0.37835532426834106,0.5682544708251953,,
3,,2849,0.3683989942073822,0.6013117432594299,,
3,,2899,0.32387998700141907,0.5988859534263611,,
3,,2949,0.3292929530143738,0.6175438761711121,,
3,,2999,0.38973468542099,0.5467304587364197,,
3,,3015,,,0.3684026896953583,0.5731335282325745
,0.001,3016,,,,
4,,3049,0.39003437757492065,0.561809241771698,,
4,,3099,0.3902340531349182,0.5722540616989136,,
4,,3149,0.37130436301231384,0.5985683798789978,,
4,,3199,0.3652673065662384,0.5706774592399597,,
4,,3249,0.3408089876174927,0.5904030799865723,,
4,,3299,0.3311367332935333,0.5800111889839172,,
4,,3349,0.42863020300865173,0.5470855236053467,,
4,,3399,0.375450074672699,0.5723434090614319,,
4,,3449,0.3782447278499603,0.5599557161331177,,
4,,3499,0.3526691794395447,0.5758162140846252,,
4,,3549,0.3489786982536316,0.5973843932151794,,
4,,3599,0.370214581489563,0.5565574765205383,,
4,,3649,0.3153189718723297,0.6084104776382446,,
4,,3699,0.3468344509601593,0.5783764123916626,,
4,,3749,0.3522774577140808,0.5648269057273865,,
4,,3769,,,0.3667198717594147,0.5679445862770081
,0.001,3770,,,,
5,,3799,0.3997477889060974,0.5433149337768555,,
5,,3849,0.39078694581985474,0.5335894823074341,,
5,,3899,0.3397328853607178,0.5668639540672302,,
5,,3949,0.3805209696292877,0.5573690533638,,
5,,3999,0.33511295914649963,0.5868203639984131,,
5,,4049,0.3418150842189789,0.5728809237480164,,
5,,4099,0.3767290413379669,0.5562276840209961,,
5,,4149,0.3902687728404999,0.5653024315834045,,
5,,4199,0.37783271074295044,0.5589534044265747,,
5,,4249,0.3701052665710449,0.566038966178894,,
5,,4299,0.3474680781364441,0.5842443108558655,,
5,,4349,0.3701680600643158,0.5672919750213623,,
5,,4399,0.34590429067611694,0.5633556842803955,,
5,,4449,0.34891629219055176,0.574537992477417,,
5,,4499,0.36082059144973755,0.584270715713501,,
5,,4523,,,0.3697391450405121,0.5658721923828125
,0.001,4524,,,,
6,,4549,0.3702506124973297,0.5614669919013977,,
6,,4599,0.40031275153160095,0.5459231734275818,,
6,,4649,0.36277467012405396,0.5644649267196655,,
6,,4699,0.38865095376968384,0.5683121681213379,,
6,,4749,0.3174019753932953,0.5969599485397339,,
6,,4799,0.37047818303108215,0.5749111771583557,,
6,,4849,0.4034930467605591,0.5543035864830017,,
6,,4899,0.3661789894104004,0.5681929588317871,,
6,,4949,0.37350884079933167,0.5483062863349915,,
6,,4999,0.3637164235115051,0.5575327277183533,,
6,,5049,0.3459841012954712,0.5770225524902344,,
6,,5099,0.3362903296947479,0.5715515613555908,,
6,,5149,0.3571428656578064,0.5570462942123413,,
6,,5199,0.34680411219596863,0.5641391277313232,,
6,,5249,0.35667484998703003,0.5735947489738464,,
6,,5277,,,0.37223711609840393,0.5631664991378784
,0.001,5278,,,,
7,,5299,0.36722487211227417,0.5670039653778076,,
7,,5349,0.40920501947402954,0.523253858089447,,
7,,5399,0.35255080461502075,0.5643874406814575,,
7,,5449,0.37268003821372986,0.5562885999679565,,
7,,5499,0.3516795039176941,0.5561919808387756,,
7,,5549,0.33821070194244385,0.5773035883903503,,
7,,5599,0.40239211916923523,0.551690399646759,,
7,,5649,0.38411107659339905,0.5528320074081421,,
7,,5699,0.36968955397605896,0.5614854693412781,,
7,,5749,0.37546777725219727,0.552295982837677,,
7,,5799,0.3459201455116272,0.5658640265464783,,
7,,5849,0.32473310828208923,0.5911076068878174,,
7,,5899,0.35414063930511475,0.570747971534729,,
7,,5949,0.3674881160259247,0.5607954859733582,,
7,,5999,0.37782609462738037,0.5799627304077148,,
7,,6031,,,0.37422266602516174,0.5645841360092163
,0.001,6032,,,,
8,,6049,0.3848360776901245,0.5480723977088928,,
8,,6099,0.3911592960357666,0.549454927444458,,
8,,6149,0.3539276421070099,0.5836313366889954,,
8,,6199,0.36399999260902405,0.5861434936523438,,
8,,6249,0.3513292372226715,0.5514169931411743,,
8,,6299,0.369785338640213,0.5818309187889099,,
8,,6349,0.3526383638381958,0.5549143552780151,,
8,,6399,0.3990901708602905,0.5416734218597412,,
8,,6449,0.3470134139060974,0.5614489316940308,,
8,,6499,0.36321547627449036,0.5566644072532654,,
8,,6549,0.357648104429245,0.5611060857772827,,
8,,6599,0.3560046851634979,0.5857025980949402,,
8,,6649,0.36392658948898315,0.5524880290031433,,
8,,6699,0.36292964220046997,0.543131947517395,,
8,,6749,0.3755991458892822,0.5701112151145935,,
8,,6785,,,0.374431312084198,0.5650043487548828
,0.001,6786,,,,
9,,6799,0.40356695652008057,0.5297806859016418,,
9,,6849,0.379813551902771,0.5466663241386414,,
9,,6899,0.3823777437210083,0.9451843500137329,,
9,,6949,0.8706425428390503,37.2526969909668,,
9,,6999,0.36415016651153564,0.5586785078048706,,
9,,7049,0.40165290236473083,0.558523416519165,,
9,,7099,0.34724611043930054,0.5610688924789429,,
9,,7149,0.34761905670166016,0.5601019859313965,,
9,,7199,0.36957475543022156,0.5495257377624512,,
9,,7249,0.3754098415374756,0.5559542179107666,,
9,,7299,0.8775341510772705,20.68156623840332,,
9,,7349,0.37106919288635254,0.5647106170654297,,
9,,7399,0.3541578948497772,0.553218424320221,,
9,,7449,0.34403854608535767,0.5745707154273987,,
9,,7499,0.4077841639518738,0.5306318998336792,,
9,,7539,,,0.3732375204563141,0.5623285174369812
,0.001,7540,,,,
10,,7549,0.34796616435050964,0.5667902827262878,,
10,,7599,0.38876983523368835,0.5421111583709717,,
10,,7649,0.35723063349723816,0.5822963714599609,,
10,,7699,0.33642104268074036,0.5878798365592957,,
10,,7749,0.3413558006286621,0.5785381197929382,,
10,,7799,0.37334510684013367,0.5604252219200134,,
10,,7849,0.3676535487174988,0.5623971223831177,,
10,,7899,0.3666921555995941,0.5558305978775024,,
10,,7949,0.38160136342048645,0.5605257749557495,,
10,,7999,0.35733962059020996,0.5433139204978943,,
10,,8049,0.36887362599372864,0.5567620992660522,,
10,,8099,0.35781699419021606,0.5667885541915894,,
10,,8149,0.34957370162010193,0.5901994705200195,,
10,,8199,0.3414943218231201,0.5741977095603943,,
10,,8249,0.3801945149898529,0.5534936189651489,,
10,,8293,,,0.3731648921966553,0.5625685453414917
,0.001,8294,,,,
11,,8299,0.3806402087211609,0.5508713126182556,,
11,,8349,0.3812268376350403,0.5715925693511963,,
11,,8399,0.38203227519989014,0.5699977278709412,,
11,,8449,0.36325502395629883,0.5691051483154297,,
11,,8499,0.33147189021110535,0.5904819369316101,,
11,,8549,0.3644566535949707,0.5640960335731506,,
11,,8599,0.34487178921699524,0.5736561417579651,,
11,,8649,0.38527464866638184,0.5554057359695435,,
11,,8699,0.36248910427093506,0.5754026174545288,,
11,,8749,0.3621644675731659,0.5474194884300232,,
11,,8799,0.3916630446910858,0.5461090207099915,,
11,,8849,0.3565859794616699,0.5619332790374756,,
11,,8899,0.37515324354171753,0.5539408326148987,,
11,,8949,0.38126540184020996,0.5626676678657532,,
11,,8999,0.39431771636009216,0.5459496378898621,,
11,,9047,,,0.3731626570224762,0.561769962310791
,0.001,9048,,,,
12,,9049,0.39880478382110596,0.5491638779640198,,
12,,9099,0.4158663749694824,0.5392651557922363,,
12,,9149,0.36655405163764954,0.5726226568222046,,
12,,9199,0.34939756989479065,0.5701612830162048,,
12,,9249,0.3451400399208069,0.5611560940742493,,
12,,9299,0.38511326909065247,0.5474265813827515,,
12,,9349,0.33834588527679443,0.5822023153305054,,
12,,9399,0.3609215021133423,0.567614734172821,,
12,,9449,0.3718801736831665,0.551066517829895,,
12,,9499,0.37071239948272705,0.5650721192359924,,
12,,9549,0.35773783922195435,0.5592741370201111,,
12,,9599,0.3636363744735718,0.5672861933708191,,
12,,9649,0.36882591247558594,0.578623354434967,,
12,,9699,0.36237218976020813,0.5581958889961243,,
12,,9749,0.35425812005996704,0.5617787837982178,,
12,,9799,0.36700335144996643,0.555662989616394,,
12,,9801,,,0.3737131357192993,0.5646605491638184
,0.0005,9802,,,,
13,,9849,0.36381950974464417,0.5502886772155762,,
13,,9899,0.38584208488464355,0.5649444460868835,,
13,,9949,0.35670605301856995,0.5728046894073486,,
13,,9999,0.38308635354042053,0.5464389324188232,,
13,,10049,0.34119999408721924,0.5815812945365906,,
13,,10099,0.351317435503006,0.5646031498908997,,
13,,10149,0.40790003538131714,0.5356643199920654,,
13,,10199,0.38182592391967773,0.5595099329948425,,
13,,10249,0.3599355220794678,0.5554744005203247,,
13,,10299,0.35414955019950867,0.5640423893928528,,
13,,10349,0.3666003942489624,0.5669693350791931,,
13,,10399,0.3742833733558655,0.5638020038604736,,
13,,10449,0.35571837425231934,0.5620388984680176,,
13,,10499,0.3542090058326721,0.5639050602912903,,
13,,10549,0.39670470356941223,0.5412079095840454,,
13,,10555,,,0.3679903745651245,0.5629900097846985
,0.0005,10556,,,,
14,,10599,0.36662399768829346,0.5561692714691162,,
14,,10649,0.43854206800460815,0.5274925827980042,,
14,,10699,0.3513853847980499,0.5697818994522095,,
14,,10749,0.35359710454940796,0.5604189038276672,,
14,,10799,0.3446519672870636,0.5773233771324158,,
14,,10849,0.337579607963562,0.5779368281364441,,
14,,10899,0.4153122305870056,0.5298675894737244,,
14,,10949,0.36802664399147034,0.5747089982032776,,
14,,10999,0.3714032769203186,0.5600329041481018,,
14,,11049,0.3698175847530365,0.5692785978317261,,
14,,11099,0.3706205189228058,0.5601970553398132,,
14,,11149,0.3520674407482147,0.5572977066040039,,
14,,11199,0.32275131344795227,0.580225944519043,,
14,,11249,0.34958332777023315,0.5726726651191711,,
14,,11299,0.38711056113243103,0.5406849980354309,,
14,,11309,,,0.3694279193878174,0.5600173473358154
,0.0005,11310,,,,
15,,11349,0.4163506031036377,0.5391470193862915,,
15,,11399,0.3787006735801697,0.5574939250946045,,
15,,11449,0.33457404375076294,0.5801254510879517,,
15,,11499,0.384533166885376,0.5674864649772644,,
15,,11549,0.32999998331069946,0.5845444798469543,,
15,,11599,0.35081374645233154,0.5937914848327637,,
15,,11649,0.383157879114151,0.5387469530105591,,
15,,11699,0.39060938358306885,0.5318605303764343,,
15,,11749,0.36797988414764404,0.5676081776618958,,
15,,11799,0.37570253014564514,0.5492473840713501,,
15,,11849,0.35945484042167664,0.5822809934616089,,
15,,11899,0.3370324671268463,0.5657685399055481,,
15,,11949,0.3524557948112488,0.5897356867790222,,
15,,11999,0.35482510924339294,0.5638874173164368,,
15,,12049,0.37170904874801636,0.5563769340515137,,
15,,12063,,,0.3709827661514282,0.560510516166687
,0.0005,12064,,,,
16,,12099,0.4060934782028198,0.5263499617576599,,
16,,12149,0.40790513157844543,0.5445606708526611,,
16,,12199,0.34446853399276733,0.6012303829193115,,
16,,12249,0.3715290129184723,0.5598422884941101,,
16,,12299,0.33713164925575256,0.5876046419143677,,
16,,12349,0.3440905213356018,0.5897610783576965,,
16,,12399,0.38273492455482483,0.537139892578125,,
16,,12449,0.392326295375824,0.5518463850021362,,
16,,12499,0.34878143668174744,0.560981273651123,,
16,,12549,0.33173078298568726,0.5803613066673279,,
16,,12599,0.3724167048931122,0.5587924718856812,,
16,,12649,0.3542509973049164,0.5719351172447205,,
16,,12699,0.34065935015678406,0.5887129306793213,,
16,,12749,0.36298930644989014,0.5539146661758423,,
16,,12799,0.3685774803161621,0.5552043914794922,,
16,,12817,,,0.3707653284072876,0.5625810623168945
,0.0005,12818,,,,
17,,12849,0.4043392241001129,0.5242397785186768,,
17,,12899,0.38467875123023987,0.5485345125198364,,
17,,12949,0.37835532426834106,0.5586745142936707,,
17,,12999,0.36486947536468506,0.542263925075531,,
17,,13049,0.34442663192749023,0.5610165596008301,,
17,,13099,0.3423348367214203,0.5867429971694946,,
17,,13149,0.38207945227622986,0.5427827835083008,,
17,,13199,0.37164998054504395,0.554054319858551,,
17,,13249,0.36367520689964294,0.5554724335670471,,
17,,13299,0.3720136284828186,0.5645782947540283,,
17,,13349,0.33347073197364807,0.5999759435653687,,
17,,13399,0.36982589960098267,0.5631652474403381,,
17,,13449,0.3496532142162323,0.58840012550354,,
17,,13499,0.3463034927845001,0.5740026831626892,,
17,,13549,0.377444863319397,0.5485334396362305,,
17,,13571,,,0.3719312250614166,0.5615403056144714
,0.0005,13572,,,,
18,,13599,0.38858580589294434,0.5480929613113403,,
18,,13649,0.4003254771232605,0.5588868856430054,,
18,,13699,0.3666526675224304,0.559808075428009,,
18,,13749,0.3665218949317932,0.5555552244186401,,
18,,13799,0.33952146768569946,0.5752020478248596,,
18,,13849,0.3582541048526764,0.5630152225494385,,
18,,13899,0.4061650037765503,0.532934844493866,,
18,,13949,0.42402708530426025,0.515295147895813,,
18,,13999,0.36848533153533936,0.5651170015335083,,
18,,14049,0.3448275923728943,0.5668015480041504,,
18,,14099,0.3410078287124634,0.5715711116790771,,
18,,14149,0.36954766511917114,0.563270628452301,,
18,,14199,0.3397637903690338,0.6027423143386841,,
18,,14249,0.337966650724411,0.5673263669013977,,
18,,14299,0.3949408233165741,0.5513471364974976,,
18,,14325,,,0.37344327569007874,0.5627235174179077
,0.0005,14326,,,,
19,,14349,0.42085105180740356,0.5206997990608215,,
19,,14399,0.4099646806716919,0.5299234986305237,,
19,,14449,0.337779700756073,0.5838415026664734,,
19,,14499,0.37257716059684753,0.5524594783782959,,
19,,14549,0.36760619282722473,0.6071298718452454,,
19,,14599,0.3529168367385864,0.5712388753890991,,
19,,14649,0.3922603130340576,0.5773741006851196,,
19,,14699,0.3792524039745331,0.5483578443527222,,
19,,14749,0.37822476029396057,0.561878502368927,,
19,,14799,0.38605666160583496,0.5524020791053772,,
19,,14849,0.3487762212753296,0.5622572898864746,,
19,,14899,0.3682474195957184,0.567988395690918,,
19,,14949,0.3468084931373596,0.5622169971466064,,
19,,14999,0.33964595198631287,0.5805959105491638,,
19,,15049,0.37549757957458496,0.5470566749572754,,
19,,15079,,,0.37240055203437805,0.5632346868515015
,0.0005,15080,,,,
20,,15099,0.382059782743454,0.5507233738899231,,
20,,15149,0.4059247374534607,0.5447670817375183,,
20,,15199,0.3644067645072937,0.5618080496788025,,
20,,15249,0.39876633882522583,0.5535610318183899,,
20,,15299,0.3548521399497986,0.5578016638755798,,
20,,15349,0.34786438941955566,0.5884465575218201,,
20,,15399,0.37687188386917114,0.5804100036621094,,
20,,15449,0.4275680482387543,0.5079585909843445,,
20,,15499,0.36402568221092224,0.5873870849609375,,
20,,15549,0.4034789800643921,0.5317850708961487,,
20,,15599,0.3573613166809082,0.5656460523605347,,
20,,15649,0.3678756654262543,0.5391280055046082,,
20,,15699,0.35669058561325073,0.5765575766563416,,
20,,15749,0.37663885951042175,0.5695638656616211,,
20,,15799,0.3980099558830261,0.5316534042358398,,
20,,15833,,,0.37041670083999634,0.5604046583175659
,0.0005,15834,,,,
21,,15849,0.3560016453266144,0.560196042060852,,
21,,15899,0.37979233264923096,0.5702357292175293,,
21,,15949,0.34656423330307007,0.5696241855621338,,
21,,15999,0.3701002597808838,0.5446743965148926,,
21,,16049,0.3766835033893585,0.5711365938186646,,
21,,16099,0.3685383200645447,0.5697669386863708,,
21,,16149,0.350280225276947,0.5759334564208984,,
21,,16199,0.36608558893203735,0.5702643394470215,,
21,,16249,0.3834782838821411,0.5570866465568542,,
21,,16299,0.3738909959793091,0.5542800426483154,,
21,,16349,0.3414115607738495,0.5716726779937744,,
21,,16399,0.34234607219696045,0.5569549798965454,,
21,,16449,0.35409554839134216,0.5649872422218323,,
21,,16499,0.354317307472229,0.559404194355011,,
21,,16549,0.3674881160259247,0.5818442106246948,,
21,,16587,,,0.37049081921577454,0.560729444026947
,0.0005,16588,,,,
22,,16599,0.3765726685523987,0.5440577268600464,,
22,,16649,0.3977615237236023,0.5313308238983154,,
22,,16699,0.36351707577705383,0.5639077425003052,,
22,,16749,0.39232781529426575,0.5644077062606812,,
22,,16799,0.3504043221473694,0.5623307824134827,,
22,,16849,0.3735440969467163,0.5580360293388367,,
22,,16899,0.36663877964019775,0.5686807036399841,,
22,,16949,0.3559108376502991,0.5589067935943604,,
22,,16999,0.3491552770137787,0.5732224583625793,,
22,,17049,0.380952388048172,0.5422230362892151,,
22,,17099,0.3660595417022705,0.5696623921394348,,
22,,17149,0.35188284516334534,0.5558898448944092,,
22,,17199,0.37582236528396606,0.5650238990783691,,
22,,17249,0.3444049060344696,0.5804852843284607,,
22,,17299,0.35348838567733765,0.5635602474212646,,
22,,17341,,,0.37253206968307495,0.5629501938819885
,0.0005,17342,,,,
23,,17349,0.3907667100429535,0.5604771971702576,,
23,,17399,0.3763975203037262,0.5510953068733215,,
23,,17449,0.38331159949302673,0.5858874320983887,,
23,,17499,0.35931476950645447,0.5580382943153381,,
23,,17549,0.35782483220100403,0.5780287981033325,,
23,,17599,0.33542320132255554,0.5879812240600586,,
23,,17649,0.3664495050907135,0.5574556589126587,,
23,,17699,0.3723902702331543,0.5864077806472778,,
23,,17749,0.3669838607311249,0.5798810720443726,,
23,,17799,0.35476189851760864,0.5868886709213257,,
23,,17849,0.3674275875091553,0.5822045803070068,,
23,,17899,0.39034369587898254,0.561119556427002,,
23,,17949,0.3456032872200012,0.576760470867157,,
23,,17999,0.35580065846443176,0.5836887359619141,,
23,,18049,0.33929315209388733,0.5736032128334045,,
23,,18095,,,0.37055322527885437,0.5625317096710205
,0.00025,18096,,,,
24,,18099,0.3896940350532532,0.5545026659965515,,
24,,18149,0.42328941822052,0.5263580083847046,,
24,,18199,0.36239317059516907,0.5773547887802124,,
24,,18249,0.3532702326774597,0.5627562403678894,,
24,,18299,0.3549729287624359,0.5738252997398376,,
24,,18349,0.3456389605998993,0.5755616426467896,,
24,,18399,0.36559614539146423,0.56660395860672,,
24,,18449,0.37965163588523865,0.5552418231964111,,
24,,18499,0.378018319606781,0.5685206651687622,,
24,,18549,0.3638583719730377,0.5538685321807861,,
24,,18599,0.3787878751754761,0.5538436770439148,,
24,,18649,0.3806658685207367,0.5708524584770203,,
24,,18699,0.35077378153800964,0.5562567114830017,,
24,,18749,0.3584362268447876,0.5799915194511414,,
24,,18799,0.38913044333457947,0.5567985773086548,,
24,,18849,0.3454545736312866,0.569952130317688,,
24,,18849,,,0.36894747614860535,0.5595986247062683
,0.00025,18850,,,,
25,,18899,0.37166666984558105,0.5483648180961609,,
25,,18949,0.33279484510421753,0.5960144996643066,,
25,,18999,0.3569553792476654,0.5561815500259399,,
25,,19049,0.3537500202655792,0.5527146458625793,,
25,,19099,0.3655172288417816,0.5602142214775085,,
25,,19149,0.35777872800827026,0.5648040771484375,,
25,,19199,0.40115320682525635,0.549511730670929,,
25,,19249,0.3601769804954529,0.5775589942932129,,
25,,19299,0.3838340938091278,0.5507950186729431,,
25,,19349,0.3543405532836914,0.5634936690330505,,
25,,19399,0.3860378861427307,0.5762850642204285,,
25,,19449,0.3475009799003601,0.5560591220855713,,
25,,19499,0.35674381256103516,0.5620555281639099,,
25,,19549,0.35697489976882935,0.5648579597473145,,
25,,19599,0.35546720027923584,0.553023636341095,,
25,,19603,,,0.3693581223487854,0.5599637031555176
,0.00025,19604,,,,
26,,19649,0.3528461754322052,0.5625127553939819,,
26,,19699,0.38695651292800903,0.5238272547721863,,
26,,19749,0.3984803855419159,0.5403857231140137,,
26,,19799,0.37296295166015625,0.5666966438293457,,
26,,19849,0.3458971381187439,0.5628624558448792,,
26,,19899,0.38130757212638855,0.5519480109214783,,
26,,19949,0.35841256380081177,0.5872095823287964,,
26,,19999,0.3745255172252655,0.5477422475814819,,
26,,20049,0.37198927998542786,0.5658725500106812,,
26,,20099,0.3331892788410187,0.5904068350791931,,
26,,20149,0.3607594966888428,0.5648770928382874,,
26,,20199,0.33388224244117737,0.5943998694419861,,
26,,20249,0.38228747248649597,0.5520766377449036,,
26,,20299,0.3759689927101135,0.539750337600708,,
26,,20349,0.37467700242996216,0.5703575015068054,,
26,,20357,,,0.3682350814342499,0.5596800446510315
,0.00025,20358,,,,
27,,20399,0.38937699794769287,0.5802302956581116,,
27,,20449,0.3886939585208893,0.5558857917785645,,
27,,20499,0.34180542826652527,0.573011040687561,,
27,,20549,0.3697279095649719,0.5647063851356506,,
27,,20599,0.3779591917991638,0.5756474137306213,,
27,,20649,0.349662184715271,0.5695429444313049,,
27,,20699,0.4082888662815094,0.5510150194168091,,
27,,20749,0.4081885814666748,0.5435447096824646,,
27,,20799,0.37690094113349915,0.545604407787323,,
27,,20849,0.36466333270072937,0.5574859976768494,,
27,,20899,0.37622079253196716,0.5586888790130615,,
27,,20949,0.36138421297073364,0.5663894414901733,,
27,,20999,0.3610578775405884,0.5776971578598022,,
27,,21049,0.35702747106552124,0.5554285049438477,,
27,,21099,0.3691302537918091,0.5795186161994934,,
27,,21111,,,0.36974114179611206,0.5591624975204468
,0.00025,21112,,,,
28,,21149,0.3674675226211548,0.5710285902023315,,
28,,21199,0.4029318690299988,0.5627753734588623,,
28,,21249,0.35513246059417725,0.5708962678909302,,
28,,21299,0.391810804605484,0.5559957027435303,,
28,,21349,0.33508914709091187,0.597016453742981,,
28,,21399,0.3253968358039856,0.5766739845275879,,
28,,21449,0.38381409645080566,0.5396434664726257,,
28,,21499,0.4167780876159668,0.5358962416648865,,
28,,21549,0.36427319049835205,0.5720634460449219,,
28,,21599,0.36616700887680054,0.5620209574699402,,
28,,21649,0.3800596296787262,0.5545620918273926,,
28,,21699,0.3767812252044678,0.5742349624633789,,
28,,21749,0.3341553509235382,0.5713414549827576,,
28,,21799,0.33252525329589844,0.6052910089492798,,
28,,21849,0.3892996907234192,0.540447473526001,,
28,,21865,,,0.3700351119041443,0.5594239830970764
,0.00025,21866,,,,
29,,21899,0.3939003348350525,0.5576034784317017,,
29,,21949,0.39386600255966187,0.5619461536407471,,
29,,21999,0.3773913085460663,0.5919949412345886,,
29,,22049,0.3613204061985016,0.5635384321212769,,
29,,22099,0.33039647340774536,0.5757723450660706,,
29,,22149,0.33772650361061096,0.5708866119384766,,
29,,22199,0.42533937096595764,0.5303049087524414,,
29,,22249,0.38101473450660706,0.5587236285209656,,
29,,22299,0.37783271074295044,0.5541458129882812,,
29,,22349,0.3598150312900543,0.5626761317253113,,
29,,22399,0.3489786982536316,0.6031574010848999,,
29,,22449,0.35254523158073425,0.5485901832580566,,
29,,22499,0.3238520920276642,0.5889127254486084,,
29,,22549,0.34840741753578186,0.5662645101547241,,
29,,22599,0.3497701585292816,0.5565975904464722,,
29,,22619,,,0.37039703130722046,0.5590320229530334
,0.00025,22620,,,,
30,,22649,0.404791921377182,0.5270769596099854,,
30,,22699,0.4026871621608734,0.5142970085144043,,
30,,22749,0.34515857696533203,0.5570623278617859,,
30,,22799,0.3786334693431854,0.5547195672988892,,
30,,22849,0.34045174717903137,0.576137900352478,,
30,,22899,0.33842238783836365,0.5661416053771973,,
30,,22949,0.3852725625038147,0.5539790391921997,,
30,,22999,0.3980945646762848,0.5504752397537231,,
30,,23049,0.37948083877563477,0.5573917031288147,,
30,,23099,0.37389472126960754,0.559224009513855,,
30,,23149,0.3441745638847351,0.5822433233261108,,
30,,23199,0.35798320174217224,0.5650486350059509,,
30,,23249,0.3438767194747925,0.5628570914268494,,
30,,23299,0.34764131903648376,0.5688517093658447,,
30,,23349,0.3555913269519806,0.5889137387275696,,
30,,23373,,,0.37082138657569885,0.5594407320022583
,0.00025,23374,,,,
31,,23399,0.3694421947002411,0.5552287101745605,,
31,,23449,0.40578576922416687,0.5529510378837585,,
31,,23499,0.3567427694797516,0.5652734637260437,,
31,,23549,0.39007851481437683,0.5759909152984619,,
31,,23599,0.32393792271614075,0.5912157893180847,,
31,,23649,0.37047818303108215,0.564582884311676,,
31,,23699,0.4088670015335083,0.5437836050987244,,
31,,23749,0.37091222405433655,0.5535180568695068,,
31,,23799,0.37556561827659607,0.5511572360992432,,
31,,23849,0.3681197762489319,0.5613961815834045,,
31,,23899,0.3512797951698303,0.5720924735069275,,
31,,23949,0.3467741906642914,0.5600343346595764,,
31,,23999,0.3525480329990387,0.5550522804260254,,
31,,24049,0.3595876097679138,0.5557314157485962,,
31,,24099,0.35094186663627625,0.5621981620788574,,
31,,24127,,,0.36998599767684937,0.5588515400886536
,0.00025,24128,,,,
32,,24149,0.3751993477344513,0.5629872679710388,,
32,,24199,0.40920501947402954,0.5312849879264832,,
32,,24249,0.34881791472435,0.5729715824127197,,
32,,24299,0.37082406878471375,0.553257167339325,,
32,,24349,0.3520841896533966,0.5543554425239563,,
32,,24399,0.33946487307548523,0.5741129517555237,,
32,,24449,0.3994019627571106,0.5503291487693787,,
32,,24499,0.3748553991317749,0.5540299415588379,,
32,,24549,0.3692810535430908,0.5761797428131104,,
32,,24599,0.3742204010486603,0.5540891885757446,,
32,,24649,0.3467881977558136,0.5599279999732971,,
32,,24699,0.33229535818099976,0.5873668789863586,,
32,,24749,0.36787348985671997,0.557144284248352,,
32,,24799,0.3692174553871155,0.5607502460479736,,
32,,24849,0.3869565427303314,0.5742648243904114,,
32,,24881,,,0.37009915709495544,0.5591379404067993
,0.00025,24882,,,,
33,,24899,0.38401639461517334,0.5436499714851379,,
33,,24949,0.4028356969356537,0.5389699339866638,,
33,,24999,0.3526037037372589,0.578957200050354,,
33,,25049,0.35766667127609253,0.5940544009208679,,
33,,25099,0.36155420541763306,0.5421977043151855,,
33,,25149,0.377075731754303,0.5730990171432495,,
33,,25199,0.3509223759174347,0.5520108938217163,,
33,,25249,0.4015715420246124,0.5383995175361633,,
33,,25299,0.35026413202285767,0.5605264902114868,,
33,,25349,0.3581649661064148,0.563494086265564,,
33,,25399,0.3541114032268524,0.5642725229263306,,
33,,25449,0.34978625178337097,0.5701797604560852,,
33,,25499,0.3723064661026001,0.5478191375732422,,
33,,25549,0.35638299584388733,0.5470054149627686,,
33,,25599,0.3816993534564972,0.5740180015563965,,
33,,25635,,,0.37018704414367676,0.5594830513000488
,0.00025,25636,,,,
34,,25649,0.40107837319374084,0.5265649557113647,,
34,,25699,0.381840318441391,0.5468469262123108,,
34,,25749,0.3777403235435486,0.5534094572067261,,
34,,25799,0.3611927628517151,0.5651811361312866,,
34,,25849,0.3677836060523987,0.5540474057197571,,
34,,25899,0.39628100395202637,0.5438414216041565,,
34,,25949,0.346815824508667,0.5620657801628113,,
34,,25999,0.35079365968704224,0.5582649111747742,,
34,,26049,0.3665059208869934,0.5448325276374817,,
34,,26099,0.37745901942253113,0.5444744229316711,,
34,,26149,0.34464213252067566,0.5700061917304993,,
34,,26199,0.36142557859420776,0.5563600063323975,,
34,,26249,0.34698185324668884,0.555632472038269,,
34,,26299,0.33480530977249146,0.571422278881073,,
34,,26349,0.40291905403137207,0.5320013165473938,,
34,,26389,,,0.3697095215320587,0.5590471029281616
,0.000125,26390,,,,
35,,26399,0.3519935607910156,0.568595826625824,,
35,,26449,0.38705527782440186,0.5438628792762756,,
35,,26499,0.3539533019065857,0.5817448496818542,,
35,,26549,0.33178946375846863,0.5861595869064331,,
35,,26599,0.33975130319595337,0.5633498430252075,,
35,,26649,0.3729037940502167,0.5600921511650085,,
35,,26699,0.372956246137619,0.5598921775817871,,
35,,26749,0.37509551644325256,0.5531164407730103,,
35,,26799,0.3841567039489746,0.5541258454322815,,
35,,26849,0.36521053314208984,0.5360419750213623,,
35,,26899,0.36930352449417114,0.5471218824386597,,
35,,26949,0.3610997200012207,0.5682935118675232,,
35,,26999,0.3475436568260193,0.5808473825454712,,
35,,27049,0.35753482580184937,0.5668724775314331,,
35,,27099,0.37312114238739014,0.5579285025596619,,
35,,27143,,,0.370254248380661,0.5577035546302795
,0.000125,27144,,,,
36,,27149,0.3844967186450958,0.5496369004249573,,
36,,27199,0.38040345907211304,0.5621994137763977,,
36,,27249,0.3759267330169678,0.5519047975540161,,
36,,27299,0.36451342701911926,0.5507684350013733,,
36,,27349,0.34742721915245056,0.5880995988845825,,
36,,27399,0.3593566119670868,0.5603328347206116,,
36,,27449,0.3529914617538452,0.564034104347229,,
36,,27499,0.38527464866638184,0.5494640469551086,,
36,,27549,0.3620539605617523,0.5673927664756775,,
36,,27599,0.3647209107875824,0.5480535626411438,,
36,,27649,0.3933998942375183,0.5494565367698669,,
36,,27699,0.37628230452537537,0.5637311339378357,,
36,,27749,0.3771965801715851,0.5484797954559326,,
36,,27799,0.3903040289878845,0.554054856300354,,
36,,27849,0.39474818110466003,0.5422343015670776,,
36,,27897,,,0.3697985112667084,0.5577043294906616
,0.000125,27898,,,,
37,,27899,0.39920318126678467,0.5431517362594604,,
37,,27949,0.4108559489250183,0.5211718678474426,,
37,,27999,0.3690878450870514,0.5775572657585144,,
37,,28049,0.35604485869407654,0.5655215382575989,,
37,,28099,0.3562602996826172,0.5649664402008057,,
37,,28149,0.38673141598701477,0.5430871844291687,,
37,,28199,0.33876359462738037,0.5754420757293701,,
37,,28249,0.3711603879928589,0.5716257095336914,,
37,,28299,0.38227951526641846,0.543502151966095,,
37,,28349,0.36455583572387695,0.5613463521003723,,
37,,28399,0.3612450659275055,0.5573614239692688,,
37,,28449,0.36323052644729614,0.5718604922294617,,
37,,28499,0.3797570765018463,0.5761439800262451,,
37,,28549,0.35541921854019165,0.557898223400116,,
37,,28599,0.3586479425430298,0.5538733601570129,,
37,,28649,0.3648989796638489,0.5536774396896362,,
37,,28651,,,0.37095391750335693,0.5577826499938965
,0.000125,28652,,,,
38,,28699,0.3654311001300812,0.549674928188324,,
38,,28749,0.3761182427406311,0.5536943674087524,,
38,,28799,0.3526294231414795,0.5616127252578735,,
38,,28849,0.38236355781555176,0.5473204255104065,,
38,,28899,0.3431999981403351,0.5795664191246033,,
38,,28949,0.3492262661457062,0.5641193389892578,,
38,,28999,0.4062877893447876,0.5340679883956909,,
38,,29049,0.380972683429718,0.5463113784790039,,
38,,29099,0.3615477681159973,0.5524683594703674,,
38,,29149,0.3520953059196472,0.5587632060050964,,
38,,29199,0.36500993371009827,0.5614714622497559,,
38,,29249,0.37551188468933105,0.5607205629348755,,
38,,29299,0.36060237884521484,0.5604313611984253,,
38,,29349,0.3468889594078064,0.5655807256698608,,
38,,29399,0.3954372704029083,0.5371230840682983,,
38,,29405,,,0.3702864646911621,0.5577660202980042
,0.000125,29406,,,,
39,,29449,0.3661971986293793,0.5550098419189453,,
39,,29499,0.44435828924179077,0.5257861614227295,,
39,,29549,0.3476070463657379,0.5698010921478271,,
39,,29599,0.36402878165245056,0.5513796806335449,,
39,,29649,0.3510186970233917,0.565750002861023,,
39,,29699,0.33673036098480225,0.577591598033905,,
39,,29749,0.4200171232223511,0.5216957926750183,,
39,,29799,0.36844295263290405,0.5727226138114929,,
39,,29849,0.3829127848148346,0.5629605054855347,,
39,,29899,0.3615257143974304,0.5669810771942139,,
39,,29949,0.3685099184513092,0.5595886707305908,,
39,,29999,0.3564833402633667,0.5565915107727051,,
39,,30049,0.3333333432674408,0.5716135501861572,,
39,,30099,0.35625001788139343,0.566912055015564,,
39,,30149,0.3849765360355377,0.5372430086135864,,
39,,30159,,,0.3703800439834595,0.5579301118850708
,0.000125,30160,,,,
40,,30199,0.4159291982650757,0.5414430499076843,,
40,,30249,0.3856907784938812,0.5622496604919434,,
40,,30299,0.3428453207015991,0.5794656276702881,,
40,,30349,0.38417676091194153,0.5667954087257385,,
40,,30399,0.3343999981880188,0.5817714333534241,,
40,,30449,0.3444846272468567,0.5907600522041321,,
40,,30499,0.38273683190345764,0.5370209217071533,,
40,,30549,0.39960038661956787,0.5281575322151184,,
40,,30599,0.3692372143268585,0.5541732311248779,,
40,,30649,0.37613487243652344,0.5462416410446167,,
40,,30699,0.3586030602455139,0.5810192227363586,,
40,,30749,0.3419646620750427,0.5631738901138306,,
40,,30799,0.3481335937976837,0.5815092325210571,,
40,,30849,0.3607248067855835,0.562731146812439,,
40,,30899,0.36813920736312866,0.5561330318450928,,
40,,30913,,,0.37018242478370667,0.5577691197395325
,0.000125,30914,,,,
41,,30949,0.41611015796661377,0.5207836627960205,,
41,,30999,0.4003952443599701,0.5385250449180603,,
41,,31049,0.34577006101608276,0.6064520478248596,,
41,,31099,0.3729349970817566,0.5635333061218262,,
41,,31149,0.3532416522502899,0.5610775351524353,,
41,,31199,0.3499580919742584,0.5751764178276062,,
41,,31249,0.3796791434288025,0.5219674706459045,,
41,,31299,0.3954372704029083,0.546587347984314,,
41,,31349,0.3475828766822815,0.5545850992202759,,
41,,31399,0.33693909645080566,0.570151150226593,,
41,,31449,0.39055249094963074,0.5452531576156616,,
41,,31499,0.3534412980079651,0.5627062320709229,,
41,,31549,0.3465765118598938,0.5709601044654846,,
41,,31599,0.35310399532318115,0.5571209788322449,,
41,,31649,0.3711252510547638,0.5456781387329102,,
41,,31667,,,0.3703412413597107,0.5576773881912231
,0.000125,31668,,,,
42,,31699,0.40788954496383667,0.522098183631897,,
42,,31749,0.383443146944046,0.5491948127746582,,
42,,31799,0.37579888105392456,0.5586036443710327,,
42,,31849,0.3689386248588562,0.534065306186676,,
42,,31899,0.34522855281829834,0.559332013130188,,
42,,31949,0.3510594069957733,0.587920606136322,,
42,,31999,0.3854607045650482,0.5394747853279114,,
42,,32049,0.3832741379737854,0.5421417951583862,,
42,,32099,0.36282050609588623,0.5529342293739319,,
42,,32149,0.3720136284828186,0.5700419545173645,,
42,,32199,0.33223414421081543,0.5946219563484192,,
42,,32249,0.3713732957839966,0.5632122755050659,,
42,,32299,0.37331700325012207,0.5746802687644958,,
42,,32349,0.35486382246017456,0.5841854214668274,,
42,,32399,0.37827715277671814,0.5463560819625854,,
42,,32421,,,0.3700312077999115,0.5573713779449463
,0.000125,32422,,,,
43,,32449,0.3860679864883423,0.5467901229858398,,
43,,32499,0.4092758297920227,0.556252121925354,,
43,,32549,0.36623266339302063,0.5590072274208069,,
43,,32599,0.367858350276947,0.558208703994751,,
43,,32649,0.3650990128517151,0.5660839676856995,,
43,,32699,0.35566121339797974,0.5656359195709229,,
43,,32749,0.41704443097114563,0.5298380255699158,,
43,,32799,0.4267343580722809,0.5234687328338623,,
43,,32849,0.37377849221229553,0.5594700574874878,,
43,,32899,0.3452380895614624,0.5650172233581543,,
43,,32949,0.3353605568408966,0.5822033286094666,,
43,,32999,0.368336021900177,0.5643442273139954,,
43,,33049,0.3374015688896179,0.5984804630279541,,
43,,33099,0.3471008837223053,0.5670987367630005,,
43,,33149,0.39616483449935913,0.5453731417655945,,
43,,33175,,,0.3704940676689148,0.5576311945915222
,0.000125,33176,,,,
44,,33199,0.4238297939300537,0.518166184425354,,
44,,33249,0.40918004512786865,0.5272152423858643,,
44,,33299,0.337779700756073,0.5780275464057922,,
44,,33349,0.3707824945449829,0.5547852516174316,,
44,,33399,0.370385080575943,0.6145786643028259,,
44,,33449,0.3607778251171112,0.5635524392127991,,
44,,33499,0.3957783579826355,0.5702211260795593,,
44,,33549,0.3767324388027191,0.5454908609390259,,
44,,33599,0.3808482885360718,0.5490707755088806,,
44,,33649,0.3821350932121277,0.5461618304252625,,
44,,33699,0.3592657446861267,0.5580655932426453,,
44,,33749,0.3934020400047302,0.5682912468910217,,
44,,33799,0.35999998450279236,0.5466307401657104,,
44,,33849,0.3478797674179077,0.5751628279685974,,
44,,33899,0.38036268949508667,0.541370689868927,,
44,,33929,,,0.3698713779449463,0.5575083494186401
,0.000125,33930,,,,
45,,33949,0.37749168276786804,0.5603934526443481,,
45,,33999,0.4175340235233307,0.5362977981567383,,
45,,34049,0.3635593056678772,0.5608537197113037,,
45,,34099,0.40203192830085754,0.5554701685905457,,
45,,34149,0.3602665662765503,0.5501493811607361,,
45,,34199,0.353588730096817,0.5720599293708801,,
45,,34249,0.3681364357471466,0.5723353028297424,,
45,,34299,0.4275680482387543,0.5052761435508728,,
45,,34349,0.36616700887680054,0.5772798657417297,,
45,,34399,0.4005091190338135,0.5276728868484497,,
45,,34449,0.3560506999492645,0.5608180165290833,,
45,,34499,0.37225985527038574,0.5285186767578125,,
45,,34549,0.35922330617904663,0.5723419189453125,,
45,,34599,0.36670640110969543,0.5587025284767151,,
45,,34649,0.40750792622566223,0.5291282534599304,,
45,,34683,,,0.3703509271144867,0.5576015114784241
,6.25e-05,34684,,,,
46,,34699,0.35804998874664307,0.5692196488380432,,
46,,34749,0.37899360060691833,0.5704110860824585,,
46,,34799,0.3563807010650635,0.5618752837181091,,
46,,34849,0.36964449286460876,0.5470109581947327,,
46,,34899,0.3712121248245239,0.5696389079093933,,
46,,34949,0.364973247051239,0.5616037845611572,,
46,,34999,0.3570856750011444,0.5633618235588074,,
46,,35049,0.3708399534225464,0.5710451006889343,,
46,,35099,0.37913045287132263,0.5582231283187866,,
46,,35149,0.37853825092315674,0.5541185736656189,,
46,,35199,0.3414115607738495,0.568192720413208,,
46,,35249,0.33485856652259827,0.558329164981842,,
46,,35299,0.35025596618652344,0.5571549534797668,,
46,,35349,0.3521905541419983,0.5544103980064392,,
46,,35399,0.3644617199897766,0.5676432251930237,,
46,,35437,,,0.3695893883705139,0.5571139454841614
,6.25e-05,35438,,,,
47,,35449,0.3804772198200226,0.5394487380981445,,
47,,35499,0.39474818110466003,0.5264326333999634,,
47,,35549,0.3613298535346985,0.565639317035675,,
47,,35599,0.39232781529426575,0.5566464066505432,,
47,,35649,0.33885252475738525,0.5590502619743347,,
47,,35699,0.369800329208374,0.558113157749176,,
47,,35749,0.3691471517086029,0.56915283203125,,
47,,35799,0.36222130060195923,0.5627634525299072,,
47,,35849,0.3519710600376129,0.5661187171936035,,
47,,35899,0.389983594417572,0.5383650660514832,,
47,,35949,0.372723251581192,0.5657104849815369,,
47,,35999,0.35355648398399353,0.5481448173522949,,
47,,36049,0.37705591320991516,0.547944962978363,,
47,,36099,0.3578489422798157,0.5712282657623291,,
47,,36149,0.3531007766723633,0.5596079230308533,,
47,,36191,,,0.3695496618747711,0.5571337342262268
,6.25e-05,36192,,,,
48,,36199,0.39200329780578613,0.559506893157959,,
48,,36249,0.3751552700996399,0.5530040264129639,,
48,,36299,0.38200780749320984,0.5747676491737366,,
48,,36349,0.360599547624588,0.5580692887306213,,
48,,36399,0.38148608803749084,0.5538921356201172,,
48,,36449,0.3654276728630066,0.5594009757041931,,
48,,36499,0.36848533153533936,0.5488835573196411,,
48,,36549,0.3719641864299774,0.5693421959877014,,
48,,36599,0.3698800206184387,0.5641409754753113,,
48,,36649,0.35357144474983215,0.5787228345870972,,
48,,36699,0.370061457157135,0.5787639021873474,,
48,,36749,0.40916532278060913,0.5699536204338074,,
48,,36799,0.3558282256126404,0.5792814493179321,,
48,,36849,0.3529411852359772,0.5786205530166626,,
48,,36899,0.33762994408607483,0.569672167301178,,
48,,36945,,,0.36972498893737793,0.5571098923683167
,6.25e-05,36946,,,,
49,,36949,0.38687601685523987,0.5535383820533752,,
49,,36999,0.428389310836792,0.5203249454498291,,
49,,37049,0.36282050609588623,0.5656867027282715,,
49,,37099,0.3502581715583801,0.5652574300765991,,
49,,37149,0.36329588294029236,0.5617021322250366,,
49,,37199,0.34969574213027954,0.5703290700912476,,
49,,37249,0.3651561737060547,0.564906895160675,,
49,,37299,0.38519397377967834,0.5502195358276367,,
49,,37349,0.37676936388015747,0.5572905540466309,,
49,,37399,0.36263737082481384,0.5521237254142761,,
49,,37449,0.3818182051181793,0.5482320785522461,,
49,,37499,0.3826714754104614,0.552864134311676,,
49,,37549,0.35593220591545105,0.544798731803894,,
49,,37599,0.3547325134277344,0.5747807621955872,,
49,,37649,0.3843478262424469,0.5541778802871704,,
49,,37699,0.3454545736312866,0.565153181552887,,
49,,37699,,,0.3694879412651062,0.5571383237838745
